Nombre del Producto,URL de la Imagen
Impresora Multifuncional Ecotank WiFi L3250 - Epson ,${breakpointChecker === 
Mochila Elegante y Resistente Perfecta para Trabajo y Estudio ,"./Cemaco _ Tienda en Línea_ Ferretería, Hogar, Blancos y Mascotas_files/CemacoLogo.png"
Armario Café de 4 Puertas 3 Gavetas 47x110x197 Cm ,"./Cemaco _ Tienda en Línea_ Ferretería, Hogar, Blancos y Mascotas_files/juguetonLogoOficial.png"
Cafetera Negra 1.2 L 800 Watts - Rosthal ,https://cemacogt.vtexassets.com/arquivos/juguetonLogoOficial.png
Calefactor De Torre Con Oscilación ,https://cemacogt.vtexassets.com/arquivos/CemacoLogo.png
Impresora Multifuncional Ecotank WiFi L3250 - Epson ,"./Cemaco _ Tienda en Línea_ Ferretería, Hogar, Blancos y Mascotas_files/CemacoHome2IONew.png"
Mochila Elegante y Resistente Perfecta para Trabajo y Estudio ,https://cemacogt.vtexassets.com/arquivos/CemacoHome2IONew.png
Armario Café de 4 Puertas 3 Gavetas 47x110x197 Cm ,https://cemacogt.vtexassets.com/arquivos/logoCortoMobile.png
Cafetera Negra 1.2 L 800 Watts - Rosthal ,https://cemacogt.vtexassets.com/arquivos/logoCortoMobile.png
Calefactor De Torre Con Oscilación ,https://cemacogt.vtexassets.com/arquivos/logo_bebe_2.png
Licuadora Personal Rosthal Nutri Blender 1000 W ,"./Cemaco _ Tienda en Línea_ Ferretería, Hogar, Blancos y Mascotas_files/16012025_cemaco_BTS_regresoAclases_slider1_desk.png"
Frigobar Blanco 3.2 Pies Cúbicos ,"./Cemaco _ Tienda en Línea_ Ferretería, Hogar, Blancos y Mascotas_files/06012025_cemaco_spiff_sillasYescritorios_desk.png"
Caja De Plástico Con Clip - Multibox Varios Colores ,"./Cemaco _ Tienda en Línea_ Ferretería, Hogar, Blancos y Mascotas_files/06012025_cemaco_spiff_tecnologia_desk.png"
Zapatera Chocolate de 3 Gavetas 100x17x115 Cm ,"./Cemaco _ Tienda en Línea_ Ferretería, Hogar, Blancos y Mascotas_files/06012025_cemaco_spiff_organizacion_desk.png"
Lonchera Estilo Bento Take a Break Rosada ,"./Cemaco _ Tienda en Línea_ Ferretería, Hogar, Blancos y Mascotas_files/06012025_cemaco_spiff_mochilasYloncheras_desk.png"
Librera Blanca de 3 Niveles 60x23.6x90 Cm - Z ,https://www.cemaco.com/?utnm_source=Google_Ads&amp;utm_medium=Search&amp;utm_campaign=2023_Cemaco_Brand-Search&amp;utm_content=CemacoAds_Brand-Search-Ads&amp;gad_source=1&amp;gclid=Cj0KCQiAqL28BhCrARIsACYJvkfWpb40mVGaMMDpMmWYZ-llefbO7FaWJQATadK7VVMkFw08ZJM2qOMaAs2jEALw_wcB
Kit de Internet Satelital Starlink Estándar V4 Blanco ,"./Cemaco _ Tienda en Línea_ Ferretería, Hogar, Blancos y Mascotas_files/465376-227-192"
Aspiradora De Contenedor 6 Gal 3 Hp - Truper ,"./Cemaco _ Tienda en Línea_ Ferretería, Hogar, Blancos y Mascotas_files/2869570-227-192"
Bolsa para Laptop Gris 41x3.5x30 Cm - Airpack ,"./Cemaco _ Tienda en Línea_ Ferretería, Hogar, Blancos y Mascotas_files/524972-227-192"
Microondas 0.7 Pies Blanco - Rosthal ,"./Cemaco _ Tienda en Línea_ Ferretería, Hogar, Blancos y Mascotas_files/2890728-227-192"
Escritorio Watson Café ,"./Cemaco _ Tienda en Línea_ Ferretería, Hogar, Blancos y Mascotas_files/640803-227-192"
Silla Para Oficina Con Respaldo Alto Negra - Z ,"./Cemaco _ Tienda en Línea_ Ferretería, Hogar, Blancos y Mascotas_files/465376-227-192"
Lonchera Grafito 25.5x20.5x18.5 Cm Colores Surtidos ,"./Cemaco _ Tienda en Línea_ Ferretería, Hogar, Blancos y Mascotas_files/2869570-227-192"
Escritorio Gamer Rojo y Nego con Estante Elevado ,"./Cemaco _ Tienda en Línea_ Ferretería, Hogar, Blancos y Mascotas_files/524972-227-192"
